,,alpha,beta,date,depth,diff,err_dir,err_mag,err_u,err_v,filename,lat,lon,mat_times,mean_diff,num,obs_speed,sdev_diff,sim_speed,start,stop,tide,u_diff,u_obs_speed,u_sim_speed,uobs,usim,vobs,vsim,wind_speed
GP_F_20120605_76CSx_003_NE20,0,0.233457040006,0.936507936508,2012_Jun_05_3D,-26.2044435824,0.633904441118,79.2427985149,0.639610263679,0.119381668433,0.628370357867,GP_F_20120605_76CSx_003_NE20,44.28028562,-66.33954604,735025.514583,0.947624491904,8,2.47975350305,0.1651078505,3.11365794417,82,87,flood,0.633904441118,2.47975350305,3.11365794417,0.0938742806539,0.213255949087,2.47797599974,3.10634635761,NE20
GP_F_20120605_76CSx_003_NE20,1,0.234154296031,0.936507936508,2012_Jun_05_3D,-24.0130207325,1.11003918497,87.8341995839,1.11005592176,0.041950508422,1.10926295543,GP_F_20120605_76CSx_003_NE20,44.280962545,-66.339486865,735025.514931,,8,2.08779821337,,3.19783739835,82,87,flood,1.11003918497,2.08779821337,3.19783739835,0.0930776628644,0.135028171286,2.08572239966,3.19498535509,NE20
GP_F_20120605_76CSx_003_NE20,2,0.234806567817,0.936507936508,2012_Jun_05_3D,-21.0988757615,1.01865357578,-78.3192216529,1.0461989063,-0.211812147066,1.02453295013,GP_F_20120605_76CSx_003_NE20,44.28160464,-66.339446925,735025.515278,,8,2.23304318246,,3.25169675824,82,87,flood,1.01865357578,2.23304318246,3.25169675824,0.166265120123,-0.045547026943,2.22684480028,3.25137775041,NE20
GP_F_20120605_76CSx_003_NE20,3,0.23548133161,0.936507936508,2012_Jun_05_3D,-20.9450024161,0.894173312776,79.4644218548,0.922154528678,0.168612311337,0.906608439861,GP_F_20120605_76CSx_003_NE20,44.282243175,-66.33945279,735025.515625,,8,2.27690892562,,3.17108223839,82,87,flood,0.894173312776,2.27690892562,3.17108223839,-0.246610656342,-0.0779983450054,2.26351440016,3.17012284002,NE20
GP_F_20120605_76CSx_003_NE20,4,0.236156095402,0.936507936508,2012_Jun_05_3D,-19.8480021086,0.909795487397,77.9680522942,0.947504197658,0.197513945431,0.926688969364,GP_F_20120605_76CSx_003_NE20,44.28287785,-66.339476345,735025.515972,,8,2.28055695151,,3.19035243891,82,87,flood,0.909795487397,2.28055695151,3.19035243891,-0.287178984962,-0.0896650395303,2.26240320007,3.18909216943,NE20
GP_F_20120605_76CSx_003_NE20,5,0.236830859195,0.936507936508,2012_Jun_05_3D,-21.7009675099,1.11918094938,-76.3892082328,1.14655867322,-0.2698141257,1.11435951501,GP_F_20120605_76CSx_003_NE20,44.28347988,-66.33948976,735025.516319,,8,2.03259160888,,3.15177255826,82,87,flood,1.11918094938,2.03259160888,3.15177255826,0.0731861383926,-0.196627987308,2.03127359989,3.14563311491,NE20
GP_F_20120605_H_002_NE20,0,0.213888888892,0.936507936508,2012_Jun_05_3D,-25.0562936357,0.45346305812,-54.0628055052,0.57817905193,-0.339332178341,0.468128923303,GP_F_20120605_H_002_NE20,44.27688877,-66.33928088,735025.504514,0.311216632139,9,2.43782726614,0.225137891131,2.89129032426,88,95,flood,0.45346305812,2.43782726614,2.89129032426,0.273683216558,-0.065648961783,2.42241599988,2.89054492319,NE20
GP_F_20120605_H_002_NE20,1,0.214563652685,0.936507936508,2012_Jun_05_3D,-26.6340214852,0.718363897699,-69.6259375104,0.786096833133,-0.273677811342,0.736918371762,GP_F_20120605_H_002_NE20,44.27752655,-66.33917954,735025.504861,,9,2.21653568916,,2.93489958686,88,95,flood,0.718363897699,2.21653568916,2.93489958686,0.286409559707,0.0127317483643,2.19795359947,2.93487197123,NE20
GP_F_20120605_H_002_NE20,2,0.215260908709,0.936507936508,2012_Jun_05_3D,-28.7350314055,0.103209359556,-40.758477782,0.165122158327,-0.125074815481,0.107803607097,GP_F_20120605_H_002_NE20,44.278186625,-66.33910704,735025.505208,,9,2.85512034115,,2.95832970071,88,95,flood,0.103209359556,2.85512034115,2.95832970071,0.16707036662,0.0419955511388,2.85022800054,2.95803160764,NE20
GP_F_20120605_H_002_NE20,3,0.215913180496,0.936507936508,2012_Jun_05_3D,-30.831565598,0.152397408168,-26.9075591333,0.419436270236,-0.374027190003,0.189816874718,GP_F_20120605_H_002_NE20,44.278827045,-66.339030305,735025.505556,,9,2.82464987236,,2.97704728053,88,95,flood,0.152397408168,2.82464987236,2.97704728053,0.466996363391,0.0929691733879,2.78577840074,2.97559527545,NE20
GP_F_20120605_H_002_NE20,4,0.216587944288,0.936507936508,2012_Jun_05_3D,-31.619289593,0.562513447274,-89.1255034108,0.56380038201,-0.00860486361742,0.563734713387,GP_F_20120605_H_002_NE20,44.279501705,-66.33888077,735025.505903,,9,2.45456476432,,3.01707821159,88,95,flood,0.562513447274,2.45456476432,3.01707821159,0.146382187197,0.137777323579,2.45019599981,3.0139307132,NE20
GP_F_20120605_H_002_NE20,5,0.217262708081,0.936507936508,2012_Jun_05_3D,-33.0966281152,0.224347660793,-51.3079101807,0.299672722594,-0.187335879022,0.233899570539,GP_F_20120605_H_002_NE20,44.28019116,-66.338749465,735025.50625,,9,2.74790097163,,2.97224863242,88,95,flood,0.224347660793,2.74790097163,2.97224863242,0.233094987882,0.0457591088602,2.73799679994,2.97189637048,NE20
GP_F_20120605_H_002_NE20,6,0.217937471873,0.936507936508,2012_Jun_05_3D,-33.7555503365,0.237978679194,-40.5088999783,0.39109774158,-0.297353597788,0.254043857141,GP_F_20120605_H_002_NE20,44.2808822,-66.338674655,735025.506597,,9,2.68961484501,,2.9275935242,88,95,flood,0.237978679194,2.68961484501,2.9275935242,0.293553032909,-0.0038005648792,2.67354720013,2.92759105728,NE20
GP_F_20120605_H_002_NE20,7,0.218634727898,0.936507936508,2012_Jun_05_3D,-33.7816982498,0.0374595463052,-11.0152317059,0.212463474829,-0.208549137736,0.0405953850361,GP_F_20120605_H_002_NE20,44.281609165,-66.338579775,735025.506944,,9,2.86290293011,,2.90036247642,88,95,flood,0.0374595463052,2.86290293011,2.90036247642,0.147172462922,-0.0613766748133,2.85911760049,2.89971298552,NE20
GP_F_20120605_H_003_NE20,0,0.234154296031,0.936507936508,2012_Jun_05_3D,-29.4517706614,0.550950197953,-55.0394714275,0.741943288649,-0.425142393786,0.608057389213,GP_F_20120605_H_003_NE20,44.28064516,-66.339269735,735025.514931,0.580890113128,6,2.49058873706,0.178547598102,3.04153893501,68,71,flood,0.550950197953,2.49058873706,3.04153893501,0.540171581431,0.115029187644,2.43130559983,3.03936298904,NE20
GP_F_20120605_H_003_NE20,1,0.234806567817,0.936507936508,2012_Jun_05_3D,-30.9964877711,0.450681711863,-41.9338002447,0.766214309425,-0.570000191579,0.512039207061,GP_F_20120605_H_003_NE20,44.28124011,-66.33908931,735025.515278,,6,2.58602018287,,3.03670189473,68,71,flood,0.450681711863,2.58602018287,3.03670189473,0.560054407111,-0.00994578446821,2.52464640045,3.03668560751,NE20
GP_F_20120605_H_003_NE20,2,0.23548133161,0.936507936508,2012_Jun_05_3D,-29.5939249081,0.881012687887,-60.251739881,1.05653086772,-0.524240198277,0.917294766672,GP_F_20120605_H_003_NE20,44.281871395,-66.338962035,735025.515625,,6,2.1620634058,,3.04307609369,68,71,flood,0.881012687887,2.1620634058,3.04307609369,0.406512396508,-0.117727801769,2.12350320042,3.04079796709,NE20
GP_F_20120605_H_003_NE20,3,0.236156095402,0.936507936508,2012_Jun_05_3D,-29.2519266985,0.440915854811,-32.6312470033,0.961949513767,-0.810113907683,0.518712178009,GP_F_20120605_H_003_NE20,44.28249991,-66.33885688,735025.515972,,6,2.51402610253,,2.95494195734,68,71,flood,0.440915854811,2.51402610253,2.95494195734,0.639593874604,-0.17052003308,2.43130559983,2.95001777784,NE20
GP_F_20120605_H_004_NE20,0,0.25774853812,0.936507936508,2012_Jun_05_3D,-31.7307083227,0.204007025415,-86.8952920306,0.204816452495,-0.0110930356453,0.204515827683,GP_F_20120605_H_004_NE20,44.27886631,-66.33924702,735025.527083,0.514254342236,5,2.62878869325,0.267564613154,2.83279571867,56,67,flood,0.204007025415,2.62878869325,2.83279571867,0.100241060634,0.0891480249886,2.62687680022,2.8313926279,NE20
GP_F_20120605_H_004_NE20,1,0.258423301913,0.936507936508,2012_Jun_05_3D,-32.1898554163,0.852988641563,-89.4153969796,0.854907566174,-0.00872268215689,0.854863065946,GP_F_20120605_H_004_NE20,44.27945074,-66.33914099,735025.527431,,5,2.0072718496,,2.86026049116,56,67,flood,0.852988641563,2.0072718496,2.86026049116,0.140017866318,0.131295184161,2.00238239987,2.85724546582,NE20
GP_F_20120605_H_004_NE20,2,0.259098065705,0.936507936508,2012_Jun_05_3D,-32.2125349175,1.08675820013,88.9510355962,1.08698283617,0.0198992424571,1.08680067458,GP_F_20120605_H_004_NE20,44.280045815,-66.339023095,735025.527778,,5,1.82746888117,,2.9142270813,56,67,flood,1.08675820013,1.82746888117,2.9142270813,0.0803503483883,0.100249590845,1.82570160025,2.91250227484,NE20
GP_F_20120605_H_004_NE20,3,0.259772829498,0.936507936508,2012_Jun_05_3D,-33.8753159731,0.532944238874,-85.002362814,0.53569548816,-0.0466669306981,0.533658930042,GP_F_20120605_H_004_NE20,44.28062312,-66.338919705,735025.528125,,5,2.39426835193,,2.92721259081,56,67,flood,0.532944238874,2.39426835193,2.92721259081,0.059665513549,0.0129985828509,2.39352479986,2.92718372991,NE20
GP_F_20120605_H_004_NE20,4,0.260470085522,0.936507936508,2012_Jun_05_3D,-34.5980738694,0.73130845792,-63.0404762606,0.855491408283,-0.387846389261,0.762522608179,GP_F_20120605_H_004_NE20,44.2812443,-66.338785005,735025.528472,,5,2.16479506084,,2.89610351876,56,67,flood,0.73130845792,2.16479506084,2.89610351876,0.366740147077,-0.0211062421838,2.13350400046,2.89602660863,NE20
GP_F_20120605_H_004_NE20,5,0.261144849315,0.936507936508,2012_Jun_05_3D,-33.58463562,0.081567397073,-11.9598639258,0.54804112424,-0.536144797885,0.113568611681,GP_F_20120605_H_004_NE20,44.281838745,-66.33865802,735025.528819,,5,2.78186561001,,2.86343300708,56,67,flood,0.081567397073,2.78186561001,2.86343300708,0.432764904609,-0.103379893277,2.74799759998,2.86156621166,NE20
GP_F_20120605_H_004_NE20,6,0.261797121101,0.936507936508,2012_Jun_05_3D,-32.1919897567,0.339886793347,-53.6586266661,0.421768022126,-0.249937615141,0.339734385992,GP_F_20120605_H_004_NE20,44.282464075,-66.33855287,735025.529167,,5,2.46197908043,,2.80186587378,56,67,flood,0.339886793347,2.46197908043,2.80186587378,0.119327287935,-0.130610327206,2.45908560055,2.79881998654,NE20
GP_F_20120605_H_004_NE20,7,0.262471884894,0.936507936508,2012_Jun_05_3D,-30.5518099017,0.527650120677,-48.9386788428,0.727005132006,-0.47754523339,0.548166956346,GP_F_20120605_H_004_NE20,44.28311464,-66.33846859,735025.529514,,5,2.15829055606,,2.68594067674,56,67,flood,0.527650120677,2.15829055606,2.68594067674,0.326157642564,-0.151387590826,2.13350399967,2.68167095601,NE20
GP_F_20120605_H_004_NE20,8,0.263146648686,0.936507936508,2012_Jun_05_3D,-27.9243691234,0.580978293061,-56.7967134943,0.708731029687,-0.388109063593,0.593018572389,GP_F_20120605_H_004_NE20,44.283758535,-66.33838339,735025.529861,,5,2.07453480965,,2.65551310271,56,67,flood,0.580978293061,2.07453480965,2.65551310271,0.252968277632,-0.135140785961,2.05905359982,2.65207217221,NE20
GP_F_20120605_H_004_NE20,9,0.263821412479,0.936507936508,2012_Jun_05_3D,-27.7455214617,0.487809439006,-42.9785532773,0.823075446571,-0.602169349429,0.561110742507,GP_F_20120605_H_004_NE20,44.284416015,-66.338296135,735025.530208,,5,2.0574021635,,2.5452116025,56,67,flood,0.487809439006,2.0574021635,2.5452116025,0.546500822276,-0.055668527153,1.98349199989,2.54460274239,NE20
GP_F_20120605_H_004_NE20,10,0.264518668503,0.936507936508,2012_Jun_05_3D,-27.5314513126,0.30266575516,-59.0215967461,0.361155784439,-0.185892278839,0.309641020057,GP_F_20120605_H_004_NE20,44.28505224,-66.33820569,735025.530556,,5,2.14940061227,,2.45206636743,56,67,flood,0.30266575516,2.14940061227,2.45206636743,0.173414685008,-0.0124775938313,2.1423936004,2.45203462046,NE20
GP_F_20120605_H_004_NE20,11,0.26517094029,0.936507936508,2012_Jun_05_3D,-28.0392582331,0.442487744601,-45.0185622915,0.72267771878,-0.510844735149,0.51117584234,GP_F_20120605_H_004_NE20,44.285626275,-66.338120865,735025.530903,,5,1.90328293149,,2.34577067609,56,67,flood,0.442487744601,1.90328293149,2.34577067609,0.506715941575,-0.00412879357443,1.8345912002,2.34576704254,NE20
GP_F_20120605_76CSx_001_NE20,0,0.192971210193,0.936507936508,2012_Jun_05_3D,-10.9807898353,-0.212672783181,-2.18984724471,0.496930757394,0.496567850354,-0.0189880920127,GP_F_20120605_76CSx_001_NE20,44.266326315,-66.339992715,735025.49375,-0.112324275799,4,2.56044929123,0.155881595966,2.34777650805,43,55,flood,-0.212672783181,2.56044929123,2.34777650805,-1.21349395829,-0.716926107933,2.25462479942,2.23563670741,NE20
GP_F_20120605_76CSx_001_NE20,1,0.193645973986,0.936507936508,2012_Jun_05_3D,-13.8984993434,-0.165430234122,12.1560607229,0.801339577005,0.783371675513,0.16874221665,GP_F_20120605_76CSx_001_NE20,44.266865395,-66.340453675,735025.494097,,4,2.26467348515,,2.09924325103,43,55,flood,-0.165430234122,2.26467348515,2.09924325103,-1.27395803986,-0.490586364344,1.87237200017,2.04111421682,NE20
GP_F_20120605_76CSx_001_NE20,2,0.194320737778,0.936507936508,2012_Jun_05_3D,-15.3991917361,-0.34657507525,-27.636217881,0.491996463801,0.435864854359,-0.228215575995,GP_F_20120605_76CSx_001_NE20,44.267353435,-66.34082231,735025.494444,,4,2.24625268908,,1.89967761383,43,55,flood,-0.34657507525,2.24625268908,1.89967761383,-0.833914390976,-0.398049536617,2.08572240045,1.85750682446,NE20
GP_F_20120605_76CSx_001_NE20,3,0.194995501571,0.936507936508,2012_Jun_05_3D,-18.1721567934,-0.218489828722,-5.61466401338,0.540734838786,0.538140605255,-0.052904204486,GP_F_20120605_76CSx_001_NE20,44.267818375,-66.341121625,735025.494792,,4,1.86673119544,,1.64824136672,43,55,flood,-0.218489828722,1.86673119544,1.64824136672,-0.820380664027,-0.282240058772,1.67680079978,1.62389659529,NE20
GP_F_20120605_76CSx_001_NE20,4,0.195692757595,0.936507936508,2012_Jun_05_3D,-19.8020957571,-0.254887388903,-40.3727234634,0.321038829574,0.244582394929,-0.207955240822,GP_F_20120605_76CSx_001_NE20,44.26827188,-66.341343375,735025.495139,,4,1.80721971124,,1.55233232234,43,55,flood,-0.254887388903,1.80721971124,1.55233232234,-0.479811565014,-0.235229170085,1.74236160046,1.53440635964,NE20
GP_F_20120605_76CSx_001_NE20,5,0.196367521388,0.936507936508,2012_Jun_05_3D,-21.4668596165,-0.241858467109,-26.7848536161,0.371586495659,0.331717114679,-0.167452320333,GP_F_20120605_76CSx_001_NE20,44.26870862,-66.341502675,735025.495486,,4,1.67204414489,,1.43018567778,43,55,flood,-0.241858467109,1.67204414489,1.43018567778,-0.540281313807,-0.208564199128,1.58234879986,1.41489647953,NE20
GP_F_20120605_76CSx_001_NE20,6,0.197019793174,0.936507936508,2012_Jun_05_3D,-21.8306876435,-0.215303202197,-26.0620597084,0.33430321144,0.300310826005,-0.146874248811,GP_F_20120605_76CSx_001_NE20,44.269135805,-66.341712005,735025.495833,,4,1.56554984936,,1.35024664716,43,55,flood,-0.215303202197,1.56554984936,1.35024664716,-0.506858167917,-0.206547341912,1.48122960018,1.33435535137,NE20
GP_F_20120605_76CSx_001_NE20,7,0.197694556967,0.936507936508,2012_Jun_05_3D,-20.5538599636,-0.0559295806299,-8.29687789916,0.158109202675,0.156454377007,-0.0228155185294,GP_F_20120605_76CSx_001_NE20,44.269560975,-66.34190102,735025.496181,,4,1.33501572285,,1.27908614222,43,55,flood,-0.0559295806299,1.33501572285,1.27908614222,-0.359651858501,-0.203197481494,1.28565839979,1.26284288126,NE20
GP_F_20120605_76CSx_001_NE20,8,0.198369320759,0.936507936508,2012_Jun_05_3D,-20.2906400489,0.221732712394,74.572338318,0.249675437758,0.0664190443675,0.240678903863,GP_F_20120605_76CSx_001_NE20,44.269896375,-66.342090705,735025.496528,,4,1.03177262448,,1.25350533688,43,55,flood,0.221732712394,1.03177262448,1.25350533688,-0.26655461355,-0.200135569183,0.996746400357,1.23742530422,NE20
GP_F_20120605_76CSx_001_NE20,9,0.199044084552,0.936507936508,2012_Jun_05_3D,-19.9674385841,0.0673575006862,-20.2807847847,0.156460548618,-0.146760813401,0.0542325264368,GP_F_20120605_76CSx_001_NE20,44.270186645,-66.34215273,735025.496875,,4,1.20186584511,,1.2692233458,43,55,flood,0.0673575006862,1.20186584511,1.2692233458,-0.0397840740959,-0.186544887497,1.2012071999,1.25543972634,NE20
GP_F_20120605_76CSx_001_NE20,10,0.199741340576,0.936507936508,2012_Jun_05_3D,-20.3413080574,0.0573253749271,-69.6914687959,0.0589752992859,-0.0204688695235,0.0553092334632,GP_F_20120605_76CSx_001_NE20,44.270548115,-66.34218584,735025.497222,,4,1.19978744301,,1.25711281794,43,55,flood,0.0573253749271,1.19978744301,1.25711281794,-0.133673666934,-0.154142536457,1.19231759996,1.24762683342,NE20
GP_F_20120605_76CSx_001_NE20,11,0.200416104369,0.936507936508,2012_Jun_05_3D,-19.2349333301,0.00207065142903,11.2689217462,0.023215070806,0.022767502789,0.00453655478071,GP_F_20120605_76CSx_001_NE20,44.2709188,-66.342205955,735025.497569,,4,1.26646187759,,1.26853252902,43,55,flood,0.00207065142903,1.26646187759,1.26853252902,-0.147199241129,-0.12443173834,1.25787840065,1.26241495543,NE20
GP_F_20120605_76CSx_001_NE20,12,0.201068376156,0.936507936508,2012_Jun_05_3D,-18.4025321478,-0.0975552647072,62.1476456808,0.113447124508,-0.0530018993881,-0.100304779151,GP_F_20120605_76CSx_001_NE20,44.271270635,-66.34224384,735025.497917,,4,1.39734484344,,1.29978957873,43,55,flood,-0.0975552647072,1.39734484344,1.29978957873,-0.0397833403408,-0.0927852397289,1.39677839951,1.29647362035,NE20
GP_F_20120605_76CSx_004_NE20,0,0.25774853812,0.936507936508,2012_Jun_05_3D,-31.7289225838,0.409745776685,-83.2599540726,0.415027104709,-0.0487096015973,0.412158795073,GP_F_20120605_76CSx_004_NE20,44.278888775,-66.3391878,735025.527083,0.521831781004,10,2.42499082703,0.226612348701,2.83473660371,96,107,flood,0.409745776685,2.42499082703,2.83473660371,0.133654695656,0.0849450940591,2.42130479979,2.83346359487,NE20
GP_F_20120605_76CSx_004_NE20,1,0.258423301913,0.936507936508,2012_Jun_05_3D,-32.1343116969,0.804783348814,-82.7538193449,0.822133706372,-0.103698060612,0.815567620359,GP_F_20120605_76CSx_004_NE20,44.2794802,-66.33910658,735025.527431,,10,2.06309020422,,2.86787355303,96,107,flood,0.804783348814,2.06309020422,2.86787355303,0.240257808288,0.136559747677,2.04905279979,2.86462042014,NE20
GP_F_20120605_76CSx_004_NE20,2,0.259098065705,0.936507936508,2012_Jun_05_3D,-32.5898716306,0.918626481673,-85.6717685813,0.92631076403,-0.0699087307381,0.923668988829,GP_F_20120605_76CSx_004_NE20,44.280066645,-66.338994095,735025.527778,,10,1.98992717251,,2.90855365418,96,107,flood,0.918626481673,1.98992717251,2.90855365418,0.159905091455,0.089996360717,1.98349199989,2.90716098872,NE20
GP_F_20120605_76CSx_004_NE20,3,0.259772829498,0.936507936508,2012_Jun_05_3D,-33.9992793062,0.664144435651,-76.7785011367,0.688589589739,-0.157491570979,0.670337249574,GP_F_20120605_76CSx_004_NE20,44.28064315,-66.33889104,735025.528125,,10,2.25083252946,,2.91497696511,96,107,flood,0.664144435651,2.25083252946,2.91497696511,0.16706338166,0.00957181068159,2.24462400018,2.91496124975,NE20
GP_F_20120605_76CSx_004_NE20,4,0.260470085522,0.936507936508,2012_Jun_05_3D,-34.4942722029,0.693982724761,-73.7505344813,0.730471504764,-0.204400579001,0.701290968554,GP_F_20120605_76CSx_004_NE20,44.28127175,-66.338774025,735025.528472,,10,2.2053596527,,2.89934237746,96,107,flood,0.693982724761,2.2053596527,2.89934237746,0.180585627451,-0.0238149515499,2.19795360026,2.89924456882,NE20
GP_F_20120605_76CSx_004_NE20,5,0.261144849315,0.936507936508,2012_Jun_05_3D,-33.5367388264,0.461140846025,-58.5062057999,0.5464217115,-0.285454095802,0.465932018635,GP_F_20120605_76CSx_004_NE20,44.28187596,-66.33865995,735025.528819,,10,2.40026764781,,2.86140849383,96,107,flood,0.461140846025,2.40026764781,2.86140849383,0.179788246422,-0.105665849379,2.39352479986,2.8594568185,NE20
GP_F_20120605_76CSx_004_NE20,6,0.261797121101,0.936507936508,2012_Jun_05_3D,-32.1024720799,0.442900585174,-44.2647420837,0.667238045886,-0.477824097244,0.465715301413,GP_F_20120605_76CSx_004_NE20,44.28249266,-66.33855195,735025.529167,,10,2.33497794109,,2.77787852627,96,107,flood,0.442900585174,2.33497794109,2.77787852627,0.346844482816,-0.130979614428,2.30907359998,2.77478890139,NE20
GP_F_20120605_76CSx_004_NE20,7,0.262471884894,0.936507936508,2012_Jun_05_3D,-30.3574131618,0.494719951089,-56.30242246,0.598315177011,-0.331950795825,0.49778481314,GP_F_20120605_76CSx_004_NE20,44.28314951,-66.33846926,735025.529514,,10,2.19643429371,,2.6911542448,96,107,flood,0.494719951089,2.19643429371,2.6911542448,0.17978435018,-0.152166445644,2.18906399953,2.68684881267,NE20
GP_F_20120605_76CSx_004_NE20,8,0.263146648686,0.936507936508,2012_Jun_05_3D,-27.7705296973,0.590490631901,-74.7561878142,0.608334449129,-0.159947562706,0.586930642564,GP_F_20120605_76CSx_004_NE20,44.28379458,-66.33838167,735025.529861,,10,2.05804633187,,2.64853696377,96,107,flood,0.590490631901,2.05804633187,2.64853696377,0.0206829276508,-0.139264635055,2.05794239973,2.6448730423,NE20
GP_F_20120605_76CSx_004_NE20,9,0.263821412479,0.936507936508,2012_Jun_05_3D,-27.7673757911,0.447771611368,-44.5668803185,0.708620361001,-0.50484368272,0.497268209363,GP_F_20120605_76CSx_004_NE20,44.284432315,-66.33826428,735025.530208,,10,2.08018191051,,2.52795352187,96,107,flood,0.447771611368,2.08018191051,2.52795352187,0.453428503766,-0.0514151789536,2.03016240059,2.52743060995,NE20
GP_F_20120605_76CSx_004_NE20,10,0.264518668503,0.936507936508,2012_Jun_05_3D,-27.586094035,0.0195474216556,-26.8559153744,0.0435417114121,-0.0388455366193,0.0196698987657,GP_F_20120605_76CSx_004_NE20,44.28507504,-66.33818792,735025.530556,,10,2.42256698148,,2.44211440313,96,107,flood,0.0195474216556,2.42256698148,2.44211440313,0.0270463165533,-0.011799220066,2.42241599988,2.44208589865,NE20
GP_F_20120605_76CSx_004_NE20,11,0.26517094029,0.936507936508,2012_Jun_05_3D,-28.0830628727,0.314127557257,-67.9368904843,0.343212878844,-0.128920240297,0.318079631298,GP_F_20120605_76CSx_004_NE20,44.285638685,-66.338104565,735025.530903,,10,2.02522614654,,2.3393537038,96,107,flood,0.314127557257,2.02522614654,2.3393537038,0.126480090124,-0.00244015017248,2.02127279986,2.33935243115,NE20
GP_F_20120605_H_005_NE20,0,0.289462438178,0.936507936508,2012_Jun_05_3D,-30.6847784879,0.407279522631,-75.6915904291,0.42476607973,-0.104977214404,0.41158960986,GP_F_20120605_H_005_NE20,44.278678685,-66.3386882,735025.543403,0.404694596983,2,2.15694394212,0.125924327,2.56422346475,15,24,flood,0.407279522631,2.15694394212,2.56422346475,0.140019705034,0.0350424906299,2.15239439965,2.56398400951,NE20
GP_F_20120605_H_005_NE20,1,0.29013720197,0.936507936508,2012_Jun_05_3D,-32.1672409009,0.621053116044,-64.3998512041,0.731167859598,-0.315928924537,0.65939013759,GP_F_20120605_H_005_NE20,44.279210135,-66.33858489,735025.54375,,2,1.92058249256,,2.5416356086,15,24,flood,0.621053116044,1.92058249256,2.5416356086,0.386641827357,0.0707129028193,1.88126160011,2.5406517377,NE20
GP_F_20120605_H_005_NE20,2,0.290834457995,0.936507936508,2012_Jun_05_3D,-33.475276139,0.536024168756,-79.4494725608,0.549595600235,-0.100632360102,0.540304036537,GP_F_20120605_H_005_NE20,44.27977269,-66.338456645,735025.544097,,2,1.96908873958,,2.50511290834,15,24,flood,0.536024168756,1.96908873958,2.50511290834,0.13285713378,0.0322247736778,1.9646015999,2.50490563644,NE20
GP_F_20120605_H_005_NE20,3,0.291509221787,0.936507936508,2012_Jun_05_3D,-33.9639255719,0.358848573315,-58.9082096978,0.430625489925,-0.222379581519,0.368762300536,GP_F_20120605_H_005_NE20,44.28031219,-66.33838033,735025.544444,,2,2.15235539799,,2.51120397131,15,24,flood,0.358848573315,2.15235539799,2.51120397131,0.206841542279,-0.0155380392401,2.14239359961,2.51115590015,NE20
GP_F_20120605_H_005_NE20,4,0.292161493574,0.936507936508,2012_Jun_05_3D,-34.7376161846,0.310548505111,-42.3859311494,0.499950245522,-0.369273696206,0.337026980059,GP_F_20120605_H_005_NE20,44.28084884,-66.338298605,735025.544792,,2,2.17793747868,,2.48848598379,15,24,flood,0.310548505111,2.17793747868,2.48848598379,0.339694352211,-0.0295793439951,2.15128320035,2.48831018041,NE20
GP_F_20120605_H_005_NE20,5,0.292836257367,0.936507936508,2012_Jun_05_3D,-35.4989021457,0.338904322463,-45.0422579019,0.507595907521,-0.358659689703,0.359189131677,GP_F_20120605_H_005_NE20,44.28141437,-66.338239425,735025.545139,,2,2.15448093285,,2.49338525531,15,24,flood,0.338904322463,2.15448093285,2.49338525531,0.299914610214,-0.058745079489,2.13350399967,2.49269313134,NE20
GP_F_20120605_H_005_NE20,6,0.293511021159,0.936507936508,2012_Jun_05_3D,-34.0647945237,0.446654100245,-63.3783195454,0.505039489914,-0.226306882101,0.451497598539,GP_F_20120605_H_005_NE20,44.28197579,-66.338172035,735025.545486,,2,1.99053336538,,2.43718746562,15,24,flood,0.446654100245,1.99053336538,2.43718746562,0.153535719975,-0.0727711621263,1.98460319998,2.43610079852,NE20
GP_F_20120605_H_005_NE20,7,0.294185784952,0.936507936508,2012_Jun_05_3D,-33.1427691281,0.296749219215,-60.6433807116,0.33875379877,-0.166072012384,0.295252811814,GP_F_20120605_H_005_NE20,44.282547435,-66.338132895,735025.545833,,2,2.1332273184,,2.42997653762,15,24,flood,0.296749219215,2.1332273184,2.42997653762,0.05966355931,-0.106408453074,2.13239279957,2.42764561139,NE20
GP_F_20120605_H_005_NE20,8,0.294883040976,0.936507936508,2012_Jun_05_3D,-30.8959613797,0.188360026808,-30.8217844553,0.385563417031,-0.331108425966,0.197550901813,GP_F_20120605_H_005_NE20,44.28314389,-66.338083485,735025.546181,,2,2.25604488182,,2.44440490863,15,24,flood,0.188360026808,2.25604488182,2.44440490863,0.22671922423,-0.104389201737,2.24462400018,2.44217490199,NE20
GP_F_20120605_H_005_NE20,9,0.295535312763,0.936507936508,2012_Jun_05_3D,-27.9610906022,0.542524415243,-54.3671578271,0.692998660462,-0.403733359975,0.563246409172,GP_F_20120605_H_005_NE20,44.28371273,-66.338023345,735025.546528,,2,1.97857301169,,2.52109742693,15,24,flood,0.542524415243,1.97857301169,2.52109742693,0.299902877263,-0.103830482712,1.95571199996,2.51895840913,NE20
GP_F_20120605_H_001_NE20,0,0.194995501571,0.936507936508,2012_Jun_05_3D,-11.829214646,-0.174724713928,12.2329834058,0.819417334159,0.800811709065,0.173624232596,GP_F_20120605_H_001_NE20,44.26609384,-66.340634265,735025.494792,0.28106417486,3,1.94113758029,0.346808950795,1.76641286636,25,42,flood,-0.174724713928,1.94113758029,1.76641286636,-1.16098012178,-0.360168412712,1.55568000002,1.72930423262,NE20
GP_F_20120605_H_001_NE20,1,0.195692757595,0.936507936508,2012_Jun_05_3D,-13.667207852,-0.373598693498,-13.2683719152,0.710424207518,0.69145994141,-0.163051231376,GP_F_20120605_H_001_NE20,44.26655296,-66.34103869,735025.495139,,3,1.97813845767,,1.60453976417,25,42,flood,-0.373598693498,1.97813845767,1.60453976417,-0.91986466045,-0.22840471904,1.75125119962,1.58819996824,NE20
GP_F_20120605_H_001_NE20,2,0.196367521388,0.936507936508,2012_Jun_05_3D,-14.6089472189,0.231286646659,36.6541843864,0.64889278918,0.520576361241,0.387378502199,GP_F_20120605_H_001_NE20,44.26696405,-66.34140012,735025.495486,,3,1.59017473984,,1.8214613865,25,42,flood,0.231286646659,1.59017473984,1.8214613865,-0.70660389723,-0.186027535989,1.42455840022,1.81193690242,NE20
GP_F_20120605_H_001_NE20,3,0.197019793174,0.936507936508,2012_Jun_05_3D,-15.6218851367,0.935948675472,77.0132736391,1.03951513255,0.233605367956,1.01292657328,GP_F_20120605_H_001_NE20,44.267273385,-66.34161436,735025.495833,,3,0.93997225816,,1.87592093363,25,42,flood,0.935948675472,0.93997225816,1.87592093363,-0.386720368599,-0.153115000643,0.856735199827,1.86966177311,NE20
GP_F_20120605_H_001_NE20,4,0.197694556967,0.936507936508,2012_Jun_05_3D,-17.6054272086,0.943625650714,81.3966740609,0.997775838829,0.149260020741,0.986548564825,GP_F_20120605_H_001_NE20,44.26751064,-66.34170132,735025.496181,,3,0.877054801298,,1.82068045201,25,42,flood,0.943625650714,0.877054801298,1.82068045201,-0.286458375763,-0.137198355022,0.828955199897,1.81550376472,NE20
GP_F_20120605_H_001_NE20,5,0.198369320759,0.936507936508,2012_Jun_05_3D,-19.5885325771,0.932682366512,-79.9326025379,0.942034196504,-0.164673695238,0.927529515152,GP_F_20120605_H_001_NE20,44.26775811,-66.341751235,735025.496528,,3,0.78272538033,,1.71540774684,25,42,flood,0.932682366512,0.78272538033,1.71540774684,0.0262585743731,-0.138415120865,0.782284799983,1.70981431514,NE20
GP_F_20120605_H_001_NE20,6,0.199044084552,0.936507936508,2012_Jun_05_3D,-20.0841703802,0.366640865144,-53.5784827439,0.455578213475,-0.270486407231,0.366590523741,GP_F_20120605_H_001_NE20,44.268059445,-66.341742815,735025.496875,,3,1.29186853382,,1.65850939896,25,42,flood,0.366640865144,1.29186853382,1.65850939896,0.12651793444,-0.143968472791,1.28565839979,1.65224892353,NE20
GP_F_20120605_H_001_NE20,7,0.199741340576,0.936507936508,2012_Jun_05_3D,-20.3923561085,0.244956441682,47.2876420318,0.427739691867,0.290143603222,0.314289569517,GP_F_20120605_H_001_NE20,44.268467975,-66.34174881,735025.497222,,3,1.36331459059,,1.60827103227,25,42,flood,0.244956441682,1.36331459059,1.60827103227,-0.453551708151,-0.163408104929,1.28565839979,1.5999479693,NE20
GP_F_20120605_H_001_NE20,8,0.200416104369,0.936507936508,2012_Jun_05_3D,-21.0641100559,0.402433303006,86.1059483286,0.411011830663,0.0279125173986,0.410062941897,GP_F_20120605_H_001_NE20,44.26875078,-66.3418224,735025.497569,,3,1.19043618637,,1.59286948938,25,42,flood,0.402433303006,1.19043618637,1.59286948938,-0.200516633177,-0.172604115779,1.17342719997,1.58349014187,NE20
GP_F_20120605_H_001_NE20,9,0.201068376156,0.936507936508,2012_Jun_05_3D,-20.9179397235,0.259464592942,88.0848724736,0.263230858648,0.00879692712644,0.263083825078,GP_F_20120605_H_001_NE20,44.26904876,-66.341864395,735025.497917,,3,1.22555686071,,1.48502145366,25,42,flood,0.259464592942,1.22555686071,1.48502145366,-0.18698876897,-0.178191841844,1.21120799994,1.47429182502,NE20
GP_F_20120605_H_001_NE20,10,0.201743139948,0.936507936508,2012_Jun_05_3D,-21.559612706,0.0732053008693,-19.2726966374,0.179169262226,-0.169128320357,0.0591374312923,GP_F_20120605_H_001_NE20,44.269383235,-66.34191397,735025.498264,,3,1.35052154651,,1.42372684738,25,42,flood,0.0732053008693,1.35052154651,1.42372684738,-0.033419079638,-0.202547399995,1.35010800038,1.40924543167,NE20
GP_F_20120605_H_001_NE20,11,0.202417903741,0.936507936508,2012_Jun_05_3D,-20.3099722914,-0.0275520869796,-21.1871183204,0.0539652334484,0.0503174578582,-0.0195038420787,GP_F_20120605_H_001_NE20,44.26970854,-66.34197583,735025.498611,,3,1.43049400829,,1.40294192131,25,42,flood,-0.0275520869796,1.43049400829,1.40294192131,-0.259394273779,-0.20907681592,1.40677920033,1.38727535825,NE20
GP_F_20120605_H_001_NE20,12,0.203092667533,0.936507936508,2012_Jun_05_3D,-20.2118379632,0.324350831712,88.6040089131,0.330526302041,0.00805235787261,0.330428200784,GP_F_20120605_H_001_NE20,44.270012215,-66.34204473,735025.498958,,3,1.05500945526,,1.37936028697,25,42,flood,0.324350831712,1.05500945526,1.37936028697,-0.206877799945,-0.198825442072,1.03452719954,1.36495540032,NE20
GP_F_20120605_H_001_NE20,13,0.203789923558,0.936507936508,2012_Jun_05_3D,-20.3459316157,0.0750024439448,82.1910942791,0.0778074093481,0.0105716590054,0.0770858805186,GP_F_20120605_H_001_NE20,44.270341,-66.34214171,735025.499306,,3,1.27946772981,,1.35447017376,25,42,flood,0.0750024439448,1.27946772981,1.35447017376,-0.179823542156,-0.16925188315,1.2667679998,1.34385388032,NE20
GP_F_20120605_H_001_NE20,14,0.204442195344,0.936507936508,2012_Jun_05_3D,-20.4029579963,0.217436376185,76.3246628656,0.235689185969,0.0557216190948,0.229007627707,GP_F_20120605_H_001_NE20,44.270651,-66.342225485,735025.499653,,3,1.09237093655,,1.30980731274,25,42,flood,0.217436376185,1.09237093655,1.30980731274,-0.214036628312,-0.158315009217,1.0711968002,1.30020442791,NE20
GP_F_20120605_H_001_NE20,15,0.205116959137,0.936507936508,2012_Jun_05_3D,-18.813170998,0.147284009793,75.8840333159,0.158447597421,0.0386430363026,0.153663127892,GP_F_20120605_H_001_NE20,44.270957195,-66.34230239,735025.5,,3,1.15967380571,,1.3069578155,25,42,flood,0.147284009793,1.15967380571,1.3069578155,-0.179821657981,-0.141178621678,1.14564720004,1.29931032794,NE20
GP_F_20120605_H_001_NE20,16,0.205791722929,0.936507936508,2012_Jun_05_3D,-18.2856959163,0.270647871851,72.3407905325,0.300773768148,0.0912411532003,0.286600613343,GP_F_20120605_H_001_NE20,44.271274365,-66.342351255,735025.500347,,3,1.017826803,,1.28847467486,25,42,flood,0.270647871851,1.017826803,1.28847467486,-0.206077689932,-0.114836536731,0.996746400357,1.2833470137,NE20
GP_F_20120605_H_001_NE20,17,0.206466486722,0.936507936508,2012_Jun_05_3D,-18.7273290682,0.210065265397,62.3785429573,0.25752339244,0.119395025095,0.228173455153,GP_F_20120605_H_001_NE20,44.271571625,-66.34237653,735025.500694,,3,1.06498305097,,1.27504831637,25,42,flood,0.210065265397,1.06498305097,1.27504831637,-0.213237613384,-0.0938425882893,1.04341680027,1.27159025542,NE20
GP_F_20120605_76CSx_002_NE20,0,0.207163742746,0.936507936508,2012_Jun_05_3D,-26.2399886191,0.654012960679,-82.0550972632,0.654544519701,-0.0904716452937,0.648261837276,GP_F_20120605_76CSx_002_NE20,44.2735529,-66.33881359,735025.501042,0.583575654095,1,1.9551088025,0.238895999942,2.60912176318,0,14,flood,0.654012960679,1.9551088025,2.60912176318,-0.179813715951,-0.270285361245,1.94682240001,2.59508423729,NE20
GP_F_20120605_76CSx_002_NE20,1,0.207838506539,0.936507936508,2012_Jun_05_3D,-26.0556774094,0.919613831245,-82.5676782029,0.92150908521,-0.119201807123,0.91376688674,GP_F_20120605_76CSx_002_NE20,44.274072745,-66.338854325,735025.501389,,1,1.72565174643,,2.64526557767,0,14,flood,0.919613831245,1.72565174643,2.64526557767,-0.086723548051,-0.205925355174,1.72347119969,2.63723808643,NE20
GP_F_20120605_76CSx_002_NE20,2,0.208490778326,0.936507936508,2012_Jun_05_3D,-24.8165869444,0.661591732822,87.8073393399,0.666444213823,0.0254980273594,0.665956260379,GP_F_20120605_76CSx_002_NE20,44.27460294,-66.33889263,735025.501736,,1,2.05946816306,,2.72105989589,0,14,flood,0.661591732822,2.05946816306,2.72105989589,-0.206861640637,-0.181363613277,2.04905279979,2.71500906016,NE20
GP_F_20120605_76CSx_002_NE20,3,0.209165542118,0.936507936508,2012_Jun_05_3D,-24.5035858843,0.850650628472,85.4540254208,0.863985288582,0.0684786139679,0.861267239778,GP_F_20120605_76CSx_002_NE20,44.27515158,-66.33896337,735025.502083,,1,1.85219728983,,2.70284791831,0,14,flood,0.850650628472,1.85219728983,2.70284791831,-0.246640422545,-0.178161808577,1.83570240029,2.69696964007,NE20
GP_F_20120605_76CSx_002_NE20,4,0.209840305911,0.936507936508,2012_Jun_05_3D,-23.3867062917,0.701943134851,-86.3317383822,0.702101887337,-0.0449201373431,0.700663429518,GP_F_20120605_76CSx_002_NE20,44.275668655,-66.33900105,735025.502431,,1,2.02283801645,,2.7247811513,0,14,flood,0.701943134851,2.02283801645,2.7247811513,-0.0795607274621,-0.124480864805,2.02127279986,2.72193622937,NE20
GP_F_20120605_76CSx_002_NE20,5,0.210515069703,0.936507936508,2012_Jun_05_3D,-22.1397145006,0.83958061359,-73.9264981279,0.874810720291,-0.242209091632,0.840612010542,GP_F_20120605_76CSx_002_NE20,44.27621734,-66.339004735,735025.502778,,1,1.95052557372,,2.79010618731,0,14,flood,0.83958061359,1.95052557372,2.79010618731,0.120135575643,-0.12207351599,1.94682240001,2.78743441055,NE20
GP_F_20120605_76CSx_002_NE20,6,0.211212325728,0.936507936508,2012_Jun_05_3D,-22.3090803454,0.679970110721,-82.6548030283,0.683157972818,-0.0873397048656,0.677551910763,GP_F_20120605_76CSx_002_NE20,44.27681551,-66.33900759,735025.503125,,1,2.23608826389,,2.91605837461,0,14,flood,0.679970110721,2.23608826389,2.91605837461,-0.0397795867806,-0.127119291646,2.23573440023,2.91328631099,NE20
GP_F_20120605_76CSx_002_NE20,7,0.211864597514,0.936507936508,2012_Jun_05_3D,-25.372542377,0.486145847771,88.8263552829,0.486385053937,0.00996239748221,0.486283015671,GP_F_20120605_76CSx_002_NE20,44.27744114,-66.33900595,735025.503472,,1,2.40264676492,,2.88879261269,0,14,flood,0.486145847771,2.40264676492,2.88879261269,-0.0334144965804,-0.0234520990982,2.40241439981,2.88869741548,NE20
GP_F_20120605_76CSx_002_NE20,8,0.212539361307,0.936507936508,2012_Jun_05_3D,-28.011981127,0.656014742533,-72.7452561331,0.697634429423,-0.206932775046,0.666237663096,GP_F_20120605_76CSx_002_NE20,44.278069195,-66.33896073,735025.503819,,1,2.22707376238,,2.88308850492,0,14,flood,0.656014742533,2.22707376238,2.88308850492,0.213214036074,0.00628126102778,2.21684399946,2.88308166255,NE20
GP_F_20120605_76CSx_002_NE20,9,0.2132141251,0.936507936508,2012_Jun_05_3D,-30.4284940358,0.306053556269,-68.5047691243,0.335009179022,-0.122755329833,0.311708644453,GP_F_20120605_76CSx_002_NE20,44.27871607,-66.33889246,735025.504167,,1,2.60419977534,,2.91025333161,0,14,flood,0.306053556269,2.60419977534,2.91025333161,0.1797979172,0.0570425873676,2.5979856002,2.90969424465,NE20
GP_F_20120605_76CSx_002_NE20,10,0.213888888892,0.936507936508,2012_Jun_05_3D,-31.4849759018,0.712265054047,-76.0516698023,0.752196174173,-0.181314463252,0.73001654081,GP_F_20120605_76CSx_002_NE20,44.27933851,-66.338797115,735025.504514,,1,2.17122023746,,2.88348529151,0,14,flood,0.712265054047,2.17122023746,2.88348529151,0.293560745765,0.112246282513,2.15128320035,2.88129974116,NE20
GP_F_20120605_76CSx_002_NE20,11,0.214563652685,0.936507936508,2012_Jun_05_3D,-32.6597740257,0.515203392134,-54.9172299063,0.679826353738,-0.3907364466,0.556317266076,GP_F_20120605_76CSx_002_NE20,44.27998647,-66.338673315,735025.504861,,1,2.35060987047,,2.86581326261,0,14,flood,0.515203392134,2.35060987047,2.86581326261,0.439938487791,0.0492020411908,2.30907359998,2.86539086606,NE20
GP_F_20120605_76CSx_002_NE20,12,0.215260908709,0.936507936508,2012_Jun_05_3D,-33.8080207557,0.154518994782,-25.0760728855,0.430202489552,-0.389654127599,0.182328941371,GP_F_20120605_76CSx_002_NE20,44.28067651,-66.33859319,735025.505208,,1,2.70135874556,,2.85587774035,0,14,flood,0.154518994782,2.70135874556,2.85587774035,0.386632177768,-0.00302194983133,2.67354720013,2.85587614151,NE20
GP_F_20120605_76CSx_002_NE20,13,0.215913180496,0.936507936508,2012_Jun_05_3D,-34.3680026838,0.556027579263,-68.9563749774,0.605359678261,-0.217371750561,0.564986603489,GP_F_20120605_76CSx_002_NE20,44.281324345,-66.33852781,735025.505556,,1,2.23474378332,,2.79077136258,0,14,flood,0.556027579263,2.23474378332,2.79077136258,0.200473734062,-0.0168980164989,2.22573360019,2.79072020368,NE20
GP_F_20120605_76CSx_002_NE20,14,0.216587944288,0.936507936508,2012_Jun_05_3D,-33.2950869366,0.0600426322473,-15.5775321346,0.234417390262,-0.225806758138,0.0629509399188,GP_F_20120605_76CSx_002_NE20,44.28198782,-66.338474665,735025.505903,,1,2.68647103863,,2.74651367088,0,14,flood,0.0600426322473,2.68647103863,2.74651367088,0.147171515509,-0.0786352426284,2.68243680008,2.74538774,NE20
GP_F_20120605_76CSx_005_NE20,0,0.289462438178,0.936507936508,2012_Jun_05_3D,-31.7053966093,0.485330652071,82.6125189222,0.489128564527,0.0628916210589,0.485068445311,GP_F_20120605_76CSx_005_NE20,44.27863225,-66.338954825,735025.543403,0.457398573647,7,2.11359598138,0.222073517794,2.59892663345,72,81,flood,0.485330652071,2.11359598138,2.59892663345,-0.0198891784357,0.0430024426231,2.11350239959,2.5985708449,NE20
GP_F_20120605_76CSx_005_NE20,1,0.29013720197,0.936507936508,2012_Jun_05_3D,-32.9202222084,0.433139994017,-72.1321610934,0.466139142475,-0.143021941298,0.44365574994,GP_F_20120605_76CSx_005_NE20,44.279201675,-66.338960315,735025.54375,,7,2.17314450405,,2.60628449806,72,81,flood,0.433139994017,2.17314450405,2.60628449806,0.226734437487,0.0837124961889,2.16128400039,2.60493975033,NE20
GP_F_20120605_76CSx_005_NE20,2,0.290834457995,0.936507936508,2012_Jun_05_3D,-32.6580284792,0.181204799944,-70.5705537083,0.195445869262,-0.0650142559201,0.184315583548,GP_F_20120605_76CSx_005_NE20,44.27978367,-66.338918655,735025.544097,,7,2.47346896755,,2.65467376749,72,81,flood,0.181204799944,2.47346896755,2.65467376749,0.147177035759,0.0821627798394,2.46908640059,2.65340198414,NE20
GP_F_20120605_76CSx_005_NE20,3,0.291509221787,0.936507936508,2012_Jun_05_3D,-34.1362577691,0.608275996622,-76.410350451,0.632725921117,-0.148669410992,0.615011786463,GP_F_20120605_76CSx_005_NE20,44.28034061,-66.33888207,735025.544444,,7,2.05585209518,,2.6641280918,72,81,flood,0.608275996622,2.05585209518,2.6641280918,0.167064241929,0.0183948309367,2.04905279979,2.66406458625,NE20
GP_F_20120605_76CSx_005_NE20,4,0.292161493574,0.936507936508,2012_Jun_05_3D,-34.7718103763,-0.0354098694845,9.5752579459,0.185114044206,-0.18253502811,-0.0307924158679,GP_F_20120605_76CSx_005_NE20,44.280905585,-66.338850845,735025.544792,,7,2.7149298354,,2.67951996591,72,81,flood,-0.0354098694845,2.7149298354,2.67951996591,0.159902808178,-0.0226322199326,2.71021680001,2.67942438414,NE20
GP_F_20120605_76CSx_005_NE20,5,0.292836257367,0.936507936508,2012_Jun_05_3D,-33.6819950274,0.768659625696,87.204488277,0.771664629875,0.037635263069,0.77074631882,GP_F_20120605_76CSx_005_NE20,44.28149408,-66.33883291,735025.545139,,7,1.9120155758,,2.6806752015,72,81,flood,0.768659625696,1.9120155758,2.6806752015,-0.106600803954,-0.0689655408851,1.90904160004,2.67978791886,NE20
GP_F_20120605_76CSx_005_NE20,6,0.293511021159,0.936507936508,2012_Jun_05_3D,-32.1010782199,0.649302485519,-82.818965315,0.651554115796,-0.081447411223,0.646443412075,GP_F_20120605_76CSx_005_NE20,44.282107425,-66.33882524,735025.545486,,7,2.03106246182,,2.68036494734,72,81,flood,0.649302485519,2.03106246182,2.68036494734,-0.0604595257531,-0.141906936976,2.0301623998,2.67660581188,NE20
GP_F_20120605_76CSx_005_NE20,7,0.294185784952,0.936507936508,2012_Jun_05_3D,-29.996194034,0.571727860241,-54.6121205573,0.709590659311,-0.41093014148,0.578494012592,GP_F_20120605_76CSx_005_NE20,44.282730205,-66.338821805,735025.545833,,7,2.17381625356,,2.7455441138,72,81,flood,0.571727860241,2.17381625356,2.7455441138,0.233084914453,-0.177845227027,2.1612839996,2.73977801219,NE20
GP_F_20120605_76CSx_005_NE20,8,0.294883040976,0.936507936508,2012_Jun_05_3D,-28.2586740994,0.495274207923,60.3207456751,0.637576516173,0.315692264035,0.553933397083,GP_F_20120605_76CSx_005_NE20,44.283339945,-66.33883094,735025.546181,,7,2.25692009739,,2.75219430531,72,81,flood,0.495274207923,2.25692009739,2.75219430531,-0.553670362215,-0.23797809818,2.18795280022,2.74188619731,NE20
GP_F_20120605_76CSx_005_NE20,9,0.295535312763,0.936507936508,2012_Jun_05_3D,-27.664703404,0.416479983922,-69.8690462742,0.436463848137,-0.150216446609,0.409799597241,GP_F_20120605_76CSx_005_NE20,44.283925925,-66.338866565,735025.546528,,7,2.30177375523,,2.71825373915,72,81,flood,0.416479983922,2.30177375523,2.71825373915,-0.0469342320612,-0.19715067867,2.30129520013,2.71109479737,NE20
